time;logSize;fitness;deviations;resources
6921;1200;0.9216418722786655;{LU+complete=0.06585858585858585, LO+complete=0.1111111111111111, LS+complete=0.04525252525252525, LY+complete=0.1111111111111111, LW+complete=0.05555555555555555, LQ+complete=0.07151515151515152, LN+complete=0.1111111111111111, LP+complete=0.09515151515151515, LZ+complete=0.1111111111111111, LV+complete=0.1111111111111111, LX+complete=0.1111111111111111};{A={Originator=1.0}}
7012;1200;0.9216418722786655;{LU+complete=0.06585858585858585, LO+complete=0.1111111111111111, LS+complete=0.04525252525252525, LY+complete=0.1111111111111111, LW+complete=0.05555555555555555, LQ+complete=0.07151515151515152, LN+complete=0.1111111111111111, LP+complete=0.09515151515151515, LZ+complete=0.1111111111111111, LV+complete=0.1111111111111111, LX+complete=0.1111111111111111};{A={Originator=1.0}}
7108;1200;0.9216418722786655;{LU+complete=0.06585858585858585, LO+complete=0.1111111111111111, LS+complete=0.04525252525252525, LY+complete=0.1111111111111111, LW+complete=0.05555555555555555, LQ+complete=0.07151515151515152, LN+complete=0.1111111111111111, LP+complete=0.09515151515151515, LZ+complete=0.1111111111111111, LV+complete=0.1111111111111111, LX+complete=0.1111111111111111};{A={Originator=1.0}}
7108;1200;0.9216418722786655;{LU+complete=0.06585858585858585, LO+complete=0.1111111111111111, LS+complete=0.04525252525252525, LY+complete=0.1111111111111111, LW+complete=0.05555555555555555, LQ+complete=0.07151515151515152, LN+complete=0.1111111111111111, LP+complete=0.09515151515151515, LZ+complete=0.1111111111111111, LV+complete=0.1111111111111111, LX+complete=0.1111111111111111};{A={Originator=1.0}}
6959;1200;0.9216418722786655;{LU+complete=0.06585858585858585, LO+complete=0.1111111111111111, LS+complete=0.04525252525252525, LY+complete=0.1111111111111111, LW+complete=0.05555555555555555, LQ+complete=0.07151515151515152, LN+complete=0.1111111111111111, LP+complete=0.09515151515151515, LZ+complete=0.1111111111111111, LV+complete=0.1111111111111111, LX+complete=0.1111111111111111};{A={Originator=1.0}}
